{
  "encoding": "UTF-8",
  "format": "Micro-Manager Property Map",
  "major_version": 2,
  "minor_version": 0,
  "map": {
    "AutoscaleIgnoredQuantile": {
      "type": "DOUBLE",
      "scalar": 0.001
    },
    "Autostretch": {
      "type": "BOOLEAN",
      "scalar": true
    },
    "ChannelSettings": {
      "type": "PROPERTY_MAP",
      "array": [
        {
          "Channel": {
            "type": "STRING",
            "scalar": "eGFP (FITC)"
          },
          "ChannelGroup": {
            "type": "STRING",
            "scalar": "Filters"
          },
          "Color": {
            "type": "COLOR",
            "scalar": {
              "ColorSpace": "sRGB",
              "Components": [
                1.0,
                1.0,
                1.0
              ],
              "Alpha": 1.0
            }
          },
          "ComponentSettings": {
            "type": "PROPERTY_MAP",
            "array": [
              {
                "Gamma": {
                  "type": "DOUBLE",
                  "scalar": 1.0
                },
                "ScalingMax": {
                  "type": "LONG",
                  "scalar": 50978
                },
                "ScalingMin": {
                  "type": "LONG",
                  "scalar": 16591
                }
              },
              {
                "Gamma": {
                  "type": "DOUBLE",
                  "scalar": 1.0
                },
                "ScalingMax": {
                  "type": "LONG",
                  "scalar": 9223372036854775807
                },
                "ScalingMin": {
                  "type": "LONG",
                  "scalar": 0
                }
              },
              {
                "Gamma": {
                  "type": "DOUBLE",
                  "scalar": 1.0
                },
                "ScalingMax": {
                  "type": "LONG",
                  "scalar": 9223372036854775807
                },
                "ScalingMin": {
                  "type": "LONG",
                  "scalar": 0
                }
              }
            ]
          },
          "HistogramBitDepth": {
            "type": "INTEGER",
            "scalar": 16
          },
          "UniformComponentScaling": {
            "type": "BOOLEAN",
            "scalar": false
          },
          "UseCameraBitDepth": {
            "type": "BOOLEAN",
            "scalar": true
          },
          "Visible": {
            "type": "BOOLEAN",
            "scalar": true
          }
        }
      ]
    },
    "ColorMode": {
      "type": "STRING",
      "scalar": "GRAYSCALE"
    },
    "HistogramIsLogarithmic": {
      "type": "BOOLEAN",
      "scalar": false
    },
    "IgnorZerosAutoscale": {
      "type": "BOOLEAN",
      "scalar": false
    },
    "PlaybackFPS": {
      "type": "DOUBLE",
      "scalar": 10.0
    },
    "ROIAutoscale": {
      "type": "BOOLEAN",
      "scalar": true
    },
    "UniformChannelScaling": {
      "type": "BOOLEAN",
      "scalar": false
    },
    "ZoomRatio": {
      "type": "DOUBLE",
      "scalar": 0.3333333333333333
    }
  }
}